Blake Bortles,Devonta Freeman,Chris Ivory,Stefon Diggs,Steve Smith Sr.,Brandon Marshall,Antonio Gates,Martavis Bryant,Jets
Blake Bortles,Devonta Freeman,Chris Ivory,Keenan Allen,Stefon Diggs,Steve Smith Sr.,Antonio Gates,Martavis Bryant,Panthers
Philip Rivers,Devonta Freeman,Chris Ivory,Stefon Diggs,Martavis Bryant,DeAndre Hopkins,Antonio Gates,Gary Barnidge,Rams
Blake Bortles,Devonta Freeman,Chris Ivory,Travis Benjamin,Stefon Diggs,Brandon Marshall,Antonio Gates,Martavis Bryant,Seahawks
Blake Bortles,Devonta Freeman,Doug Martin,Stefon Diggs,Steve Smith Sr.,Brandon Marshall,Antonio Gates,Martavis Bryant,Cardinals
Tom Brady,Devonta Freeman,Chris Ivory,Travis Benjamin,Steve Smith Sr.,Martavis Bryant,Antonio Gates,Ladarius Green,Cardinals
Cam Newton,Devonta Freeman,Doug Martin,Larry Fitzgerald,Stefon Diggs,Steve Smith Sr.,Antonio Gates,Martavis Bryant,Panthers
Tom Brady,Devonta Freeman,Chris Ivory,Stefon Diggs,Steve Smith Sr.,Martavis Bryant,Antonio Gates,Delanie Walker,Seahawks
Philip Rivers,Devonta Freeman,Chris Ivory,Stefon Diggs,Rishard Matthews,Julio Jones,Antonio Gates,Martavis Bryant,Rams
Blake Bortles,Theo Riddick,Devonta Freeman,Stefon Diggs,Brandon Marshall,Martavis Bryant,Antonio Gates,DeAndre Hopkins,Jets
Cam Newton,Devonta Freeman,Doug Martin,Steve Smith Sr.,Martavis Bryant,DeAndre Hopkins,Antonio Gates,Ladarius Green,Panthers
Tom Brady,Devonta Freeman,Chris Ivory,Keenan Allen,Stefon Diggs,Martavis Bryant,Antonio Gates,Ladarius Green,Panthers
Blake Bortles,Theo Riddick,Devonta Freeman,Keenan Allen,Stefon Diggs,Martavis Bryant,Antonio Gates,DeAndre Hopkins,Panthers
Blake Bortles,Devonta Freeman,Doug Martin,Brandon Marshall,Martavis Bryant,DeAndre Hopkins,Antonio Gates,Ladarius Green,Eagles
Blake Bortles,Le'Veon Bell,Devonta Freeman,Stefon Diggs,Martavis Bryant,DeAndre Hopkins,Antonio Gates,Ladarius Green,Rams
Philip Rivers,LeGarrette Blount,Devonta Freeman,Travis Benjamin,Stefon Diggs,Martavis Bryant,Antonio Gates,DeAndre Hopkins,Rams
Cam Newton,Devonta Freeman,Chris Ivory,Travis Benjamin,Brandon Marshall,Martavis Bryant,Antonio Gates,Ladarius Green,Seahawks
Philip Rivers,Devonta Freeman,Doug Martin,Stefon Diggs,Brandon Marshall,Martavis Bryant,Antonio Gates,Gary Barnidge,Seahawks
Tom Brady,Theo Riddick,Devonta Freeman,Steve Smith Sr.,Martavis Bryant,DeAndre Hopkins,Antonio Gates,Ladarius Green,Eagles
Tom Brady,Devonta Freeman,Doug Martin,Travis Benjamin,Brandon Marshall,Martavis Bryant,Antonio Gates,Ladarius Green,Jets
Cam Newton,Theo Riddick,Devonta Freeman,Larry Fitzgerald,Stefon Diggs,Steve Smith Sr.,Antonio Gates,Martavis Bryant,Seahawks
Philip Rivers,Devonta Freeman,Doug Martin,Larry Fitzgerald,Brandon Marshall,Martavis Bryant,Antonio Gates,Ladarius Green,Jets
Tom Brady,Devonta Freeman,Chris Ivory,Stefon Diggs,Rishard Matthews,Martavis Bryant,Ladarius Green,DeAndre Hopkins,Jets
Tom Brady,Theo Riddick,Devonta Freeman,Travis Benjamin,Martavis Bryant,DeAndre Hopkins,Antonio Gates,Ladarius Green,Panthers
Tom Brady,Devonta Freeman,Doug Martin,Stefon Diggs,Steve Smith Sr.,Martavis Bryant,Gary Barnidge,Chris Ivory,Eagles
Philip Rivers,Theo Riddick,Devonta Freeman,Steve Smith Sr.,Martavis Bryant,DeAndre Hopkins,Antonio Gates,Delanie Walker,Seahawks
Cam Newton,Theo Riddick,Devonta Freeman,Brandon Marshall,Martavis Bryant,DeAndre Hopkins,Antonio Gates,Ladarius Green,Panthers
Philip Rivers,Doug Martin,Chris Ivory,Brandon Marshall,Martavis Bryant,DeAndre Hopkins,Antonio Gates,Ladarius Green,Seahawks
Tom Brady,Theo Riddick,Devonta Freeman,Stefon Diggs,Martavis Bryant,DeAndre Hopkins,Ladarius Green,Chris Ivory,Seahawks
Tom Brady,Devonta Freeman,Doug Martin,Stefon Diggs,Rishard Matthews,Martavis Bryant,Ladarius Green,DeAndre Hopkins,Cardinals
Tom Brady,Devonta Freeman,Chris Ivory,Travis Benjamin,Stefon Diggs,Rishard Matthews,Gary Barnidge,Martavis Bryant,Cardinals
Carson Palmer,Devonta Freeman,Chris Ivory,Stefon Diggs,Rishard Matthews,Brandon Marshall,Gary Barnidge,Martavis Bryant,Cardinals
Carson Palmer,Doug Martin,Chris Ivory,Brandon Marshall,Martavis Bryant,DeAndre Hopkins,Antonio Gates,Ladarius Green,Jets
Blake Bortles,LeSean McCoy,Devonta Freeman,Steve Smith Sr.,Brandon Marshall,Martavis Bryant,Antonio Gates,Ladarius Green,Seahawks
Tom Brady,LeSean McCoy,Devonta Freeman,Travis Benjamin,Larry Fitzgerald,Martavis Bryant,Antonio Gates,Ladarius Green,Rams
Cam Newton,Devonta Freeman,Doug Martin,Travis Benjamin,Martavis Bryant,DeAndre Hopkins,Ladarius Green,Gary Barnidge,Seahawks
Tom Brady,Danny Woodhead,Devonta Freeman,Stefon Diggs,Martavis Bryant,DeAndre Hopkins,Ladarius Green,Gary Barnidge,Panthers
Tom Brady,Danny Woodhead,Doug Martin,Larry Fitzgerald,Martavis Bryant,DeAndre Hopkins,Antonio Gates,Ladarius Green,Panthers
Tom Brady,Danny Woodhead,Chris Ivory,Keenan Allen,Steve Smith Sr.,Martavis Bryant,Antonio Gates,Ladarius Green,Seahawks
Carson Palmer,Devonta Freeman,Chris Ivory,Stefon Diggs,Rishard Matthews,Julio Jones,Jordan Reed,Martavis Bryant,Jets
Brian Hoyer,Marcel Reece,Devonta Freeman,Larry Fitzgerald,Stefon Diggs,Martavis Bryant,Gary Barnidge,DeAndre Hopkins,Seahawks
Tom Brady,LeSean McCoy,Danny Woodhead,Travis Benjamin,Stefon Diggs,Martavis Bryant,Antonio Gates,Devonta Freeman,Panthers
Tom Brady,Devonta Freeman,Doug Martin,Stevie Johnson,Martavis Bryant,DeAndre Hopkins,Ladarius Green,Gary Barnidge,Seahawks
Carson Palmer,Theo Riddick,Devonta Freeman,Travis Benjamin,Steve Smith Sr.,Brandon Marshall,Gary Barnidge,Martavis Bryant,Eagles
Tom Brady,Theo Riddick,Devonta Freeman,Larry Fitzgerald,Keenan Allen,Martavis Bryant,Ladarius Green,Gary Barnidge,Rams
Blake Bortles,Devonta Freeman,Doug Martin,Stevie Johnson,Brandon Marshall,Julio Jones,Ladarius Green,Martavis Bryant,Seahawks
Carson Palmer,Danny Woodhead,Devonta Freeman,Stefon Diggs,Martavis Bryant,DeAndre Hopkins,Gary Barnidge,Jordan Reed,Seahawks
Philip Rivers,LeSean McCoy,Devonta Freeman,Larry Fitzgerald,Stefon Diggs,Martavis Bryant,Antonio Gates,Jordan Reed,Rams
Tom Brady,Marcel Reece,Doug Martin,Julio Jones,Martavis Bryant,DeAndre Hopkins,Antonio Gates,Ladarius Green,Panthers
Carson Palmer,Devonta Freeman,Chris Ivory,Stefon Diggs,Rishard Matthews,Martavis Bryant,Rob Gronkowski,Jordan Reed,Seahawks
Blake Bortles,Devonta Freeman,Chris Ivory,Travis Benjamin,Stefon Diggs,Rishard Matthews,Antonio Gates,DeAndre Hopkins,Jets
Philip Rivers,Devonta Freeman,Doug Martin,Travis Benjamin,Larry Fitzgerald,Stefon Diggs,Antonio Gates,Chris Ivory,Jets
Tom Brady,Theo Riddick,Devonta Freeman,Travis Benjamin,Brandon Marshall,Martavis Bryant,Ladarius Green,Jordan Reed,Seahawks
Cam Newton,Devonta Freeman,Chris Ivory,Stefon Diggs,Steve Smith Sr.,Brandon Marshall,Antonio Gates,Ladarius Green,Panthers
Carson Palmer,Devonta Freeman,Chris Ivory,Travis Benjamin,Stefon Diggs,Steve Smith Sr.,Antonio Gates,Gary Barnidge,Cardinals
Philip Rivers,Devonta Freeman,Doug Martin,Stefon Diggs,Rishard Matthews,Brandon Marshall,Antonio Gates,Chris Ivory,Cardinals
Carson Palmer,Theo Riddick,Devonta Freeman,Travis Benjamin,Julio Jones,Martavis Bryant,Gary Barnidge,Jordan Reed,Cardinals
Carson Palmer,Devonta Freeman,Doug Martin,Travis Benjamin,Larry Fitzgerald,Stefon Diggs,Antonio Gates,Chris Ivory,Eagles
Cam Newton,Devonta Freeman,Doug Martin,Stefon Diggs,Steve Smith Sr.,Brandon Marshall,Antonio Gates,Gary Barnidge,Rams
Carson Palmer,Doug Martin,Chris Ivory,Larry Fitzgerald,Steve Smith Sr.,Martavis Bryant,Ladarius Green,Rob Gronkowski,Panthers
Blake Bortles,LeSean McCoy,Chris Ivory,Stefon Diggs,Steve Smith Sr.,Brandon Marshall,Gary Barnidge,Martavis Bryant,Seahawks
Carson Palmer,Danny Woodhead,Devonta Freeman,Stefon Diggs,Martavis Bryant,DeAndre Hopkins,Delanie Walker,Jordan Reed,Cardinals
Philip Rivers,Devonta Freeman,Chris Ivory,Stevie Johnson,Steve Smith Sr.,DeAndre Hopkins,Antonio Gates,Ladarius Green,Jets
Philip Rivers,LeSean McCoy,Chris Ivory,Larry Fitzgerald,Rishard Matthews,Martavis Bryant,Delanie Walker,DeAndre Hopkins,Panthers
Blake Bortles,Theo Riddick,Devonta Freeman,Travis Benjamin,Brandon Marshall,DeAndre Hopkins,Antonio Gates,Ladarius Green,Cardinals
Philip Rivers,Theo Riddick,Devonta Freeman,Larry Fitzgerald,Stefon Diggs,DeAndre Hopkins,Antonio Gates,Ladarius Green,Seahawks
Carson Palmer,LeSean McCoy,Devonta Freeman,Travis Benjamin,Martavis Bryant,DeAndre Hopkins,Ladarius Green,Delanie Walker,Panthers
Carson Palmer,LeSean McCoy,Devonta Freeman,Travis Benjamin,Keenan Allen,Rishard Matthews,Jordan Reed,Martavis Bryant,Jets
Philip Rivers,Theo Riddick,Devonta Freeman,Larry Fitzgerald,Stefon Diggs,Brandon Marshall,Antonio Gates,Doug Martin,Jets
Brian Hoyer,LeSean McCoy,Chris Ivory,Larry Fitzgerald,Rishard Matthews,Martavis Bryant,Jordan Reed,DeAndre Hopkins,Seahawks
Tom Brady,Theo Riddick,Devonta Freeman,Larry Fitzgerald,Stefon Diggs,Steve Smith Sr.,Antonio Gates,Ladarius Green,Cardinals
Carson Palmer,LeSean McCoy,Devonta Freeman,Travis Benjamin,Rishard Matthews,Brandon Marshall,Delanie Walker,Martavis Bryant,Eagles
Tom Brady,Marcel Reece,Devonta Freeman,Travis Benjamin,Stefon Diggs,DeAndre Hopkins,Antonio Gates,Ladarius Green,Seahawks
Philip Rivers,Theo Riddick,Devonta Freeman,Stevie Johnson,Julio Jones,Martavis Bryant,Rob Gronkowski,Jordan Reed,Rams
Blake Bortles,Doug Martin,Chris Ivory,Steve Smith Sr.,Julio Jones,Martavis Bryant,Ladarius Green,Delanie Walker,Cardinals
Philip Rivers,Danny Woodhead,Devonta Freeman,Larry Fitzgerald,Stefon Diggs,Brandon Marshall,Antonio Gates,Ladarius Green,Panthers
Carson Palmer,Devonta Freeman,Doug Martin,Stevie Johnson,Steve Smith Sr.,DeAndre Hopkins,Antonio Gates,Ladarius Green,Cardinals
Blake Bortles,Danny Woodhead,Le'Veon Bell,Larry Fitzgerald,Stefon Diggs,Rishard Matthews,Antonio Gates,Devonta Freeman,Eagles
Tom Brady,Danny Woodhead,Chris Ivory,Stefon Diggs,Steve Smith Sr.,DeAndre Hopkins,Antonio Gates,Ladarius Green,Panthers
Tom Brady,Doug Martin,Chris Ivory,Travis Benjamin,Stefon Diggs,DeAndre Hopkins,Antonio Gates,Ladarius Green,Jets
Brian Hoyer,Le'Veon Bell,Devonta Freeman,Stevie Johnson,Stefon Diggs,DeAndre Hopkins,Antonio Gates,Ladarius Green,Seahawks
Carson Palmer,Theo Riddick,Devonta Freeman,Travis Benjamin,Larry Fitzgerald,Brandon Marshall,Antonio Gates,Ladarius Green,Rams
Carson Palmer,Le'Veon Bell,Devonta Freeman,Travis Benjamin,Stevie Johnson,Brandon Marshall,Antonio Gates,Ladarius Green,Rams
Carson Palmer,Theo Riddick,Devonta Freeman,Travis Benjamin,Stefon Diggs,Steve Smith Sr.,Gary Barnidge,Brandon Marshall,Panthers
Philip Rivers,Theo Riddick,Devonta Freeman,Travis Benjamin,Larry Fitzgerald,DeAndre Hopkins,Ladarius Green,Gary Barnidge,Eagles
Tom Brady,LeSean McCoy,Doug Martin,Stefon Diggs,Steve Smith Sr.,Brandon Marshall,Antonio Gates,Gary Barnidge,Rams
Philip Rivers,Doug Martin,Chris Ivory,Keenan Allen,Steve Smith Sr.,DeAndre Hopkins,Ladarius Green,Gary Barnidge,Redskins
Carson Palmer,Devonta Freeman,Chris Ivory,Stevie Johnson,Keenan Allen,DeAndre Hopkins,Ladarius Green,Jordan Reed,Rams
Philip Rivers,Theo Riddick,Devonta Freeman,Larry Fitzgerald,Stefon Diggs,Brandon Marshall,Gary Barnidge,Delanie Walker,Seahawks
Carson Palmer,Theo Riddick,Devonta Freeman,Travis Benjamin,Steve Smith Sr.,DeAndre Hopkins,Ladarius Green,Jordan Reed,Seahawks
Tom Brady,LeSean McCoy,Doug Martin,Travis Benjamin,Stefon Diggs,Rishard Matthews,Antonio Gates,Brandon Marshall,Seahawks
Philip Rivers,Doug Martin,Chris Ivory,Travis Benjamin,Brandon Marshall,DeAndre Hopkins,Ladarius Green,Jordan Reed,Seahawks
Tom Brady,LeSean McCoy,Danny Woodhead,Travis Benjamin,Larry Fitzgerald,Stefon Diggs,Antonio Gates,Steve Smith Sr.,Rams
Brian Hoyer,LeSean McCoy,Chris Ivory,Keenan Allen,Stefon Diggs,Martavis Bryant,Ladarius Green,Gary Barnidge,Seahawks
Brian Hoyer,Danny Woodhead,Devonta Freeman,Larry Fitzgerald,Stefon Diggs,Rishard Matthews,Gary Barnidge,Brandon Marshall,Eagles
Tom Brady,Le'Veon Bell,Devonta Freeman,Stevie Johnson,Stefon Diggs,Steve Smith Sr.,Ladarius Green,Delanie Walker,Seahawks
Blake Bortles,Le'Veon Bell,Devonta Freeman,Travis Benjamin,Stefon Diggs,Rishard Matthews,Ladarius Green,Gary Barnidge,Seahawks
Philip Rivers,Doug Martin,Chris Ivory,Travis Benjamin,Brandon Marshall,DeAndre Hopkins,Delanie Walker,Jordan Reed,Rams
Brian Hoyer,Theo Riddick,Doug Martin,Stefon Diggs,Brandon Marshall,DeAndre Hopkins,Gary Barnidge,Delanie Walker,Cardinals
Philip Rivers,Marcel Reece,Chris Ivory,Travis Benjamin,Larry Fitzgerald,Julio Jones,Delanie Walker,Jordan Reed,Seahawks