Carson Palmer,Theo Riddick,Devonta Freeman,Travis Benjamin,Brandon Marshall,Martavis Bryant,Antonio Gates,Ladarius Green,Cardinals
Carson Palmer,Devonta Freeman,Doug Martin,Larry Fitzgerald,Stefon Diggs,Rishard Matthews,Antonio Gates,Martavis Bryant,Jets
Cam Newton,Theo Riddick,Devonta Freeman,Larry Fitzgerald,Brandon Marshall,Martavis Bryant,Antonio Gates,Ladarius Green,Seahawks
Tom Brady,Marcel Reece,Doug Martin,Julio Jones,Martavis Bryant,DeAndre Hopkins,Antonio Gates,Ladarius Green,Panthers
Blake Bortles,Devonta Freeman,Chris Ivory,Keenan Allen,Stefon Diggs,Steve Smith Sr.,Antonio Gates,Martavis Bryant,Panthers
Cam Newton,Theo Riddick,Devonta Freeman,Stefon Diggs,Steve Smith Sr.,Brandon Marshall,Antonio Gates,Martavis Bryant,Seahawks
Philip Rivers,Devonta Freeman,Doug Martin,Larry Fitzgerald,Brandon Marshall,Martavis Bryant,Antonio Gates,Ladarius Green,Jets
Cam Newton,Devonta Freeman,Chris Ivory,Travis Benjamin,Brandon Marshall,Martavis Bryant,Antonio Gates,Ladarius Green,Seahawks
Carson Palmer,Theo Riddick,Devonta Freeman,Stevie Johnson,Martavis Bryant,DeAndre Hopkins,Ladarius Green,Rob Gronkowski,Rams
Cam Newton,Devonta Freeman,Doug Martin,Steve Smith Sr.,Martavis Bryant,DeAndre Hopkins,Antonio Gates,Ladarius Green,Panthers
Tom Brady,Devonta Freeman,Doug Martin,Stefon Diggs,Steve Smith Sr.,Martavis Bryant,Antonio Gates,Chris Ivory,Eagles
Tom Brady,Devonta Freeman,Doug Martin,Travis Benjamin,Brandon Marshall,Martavis Bryant,Antonio Gates,Ladarius Green,Jets
Tom Brady,Theo Riddick,Devonta Freeman,Travis Benjamin,Brandon Marshall,Martavis Bryant,Antonio Gates,Ladarius Green,Cardinals
Tom Brady,Devonta Freeman,Chris Ivory,Travis Benjamin,Stefon Diggs,Rishard Matthews,Antonio Gates,Martavis Bryant,Cardinals
Carson Palmer,Devonta Freeman,Doug Martin,Travis Benjamin,Steve Smith Sr.,Martavis Bryant,Antonio Gates,Ladarius Green,Cardinals
Carson Palmer,Devonta Freeman,Doug Martin,Stefon Diggs,Brandon Marshall,Martavis Bryant,Antonio Gates,Ladarius Green,Cardinals
Tom Brady,Devonta Freeman,Doug Martin,Travis Benjamin,Stefon Diggs,Martavis Bryant,Antonio Gates,Chris Ivory,Panthers
Carson Palmer,Doug Martin,Chris Ivory,Steve Smith Sr.,Brandon Marshall,Martavis Bryant,Antonio Gates,Ladarius Green,Cardinals
Philip Rivers,Theo Riddick,Devonta Freeman,Steve Smith Sr.,Martavis Bryant,DeAndre Hopkins,Antonio Gates,Delanie Walker,Seahawks
Tom Brady,Theo Riddick,Devonta Freeman,Stefon Diggs,Martavis Bryant,DeAndre Hopkins,Ladarius Green,Chris Ivory,Seahawks
Carson Palmer,Devonta Freeman,Chris Ivory,Stevie Johnson,Martavis Bryant,DeAndre Hopkins,Antonio Gates,Ladarius Green,Jets
Carson Palmer,Doug Martin,Chris Ivory,Brandon Marshall,Martavis Bryant,DeAndre Hopkins,Ladarius Green,Delanie Walker,Rams
Cam Newton,Theo Riddick,Devonta Freeman,Brandon Marshall,Martavis Bryant,DeAndre Hopkins,Antonio Gates,Ladarius Green,Panthers
Tom Brady,Devonta Freeman,Chris Ivory,Stefon Diggs,Steve Smith Sr.,Martavis Bryant,Antonio Gates,Delanie Walker,Seahawks
Carson Palmer,Marcel Reece,Doug Martin,Julio Jones,Martavis Bryant,DeAndre Hopkins,Antonio Gates,Ladarius Green,Panthers
Philip Rivers,Devonta Freeman,Chris Ivory,Stefon Diggs,Rishard Matthews,Brandon Marshall,Antonio Gates,Martavis Bryant,Cardinals
Philip Rivers,Doug Martin,Chris Ivory,Larry Fitzgerald,Stefon Diggs,Steve Smith Sr.,Antonio Gates,Martavis Bryant,Seahawks
Tom Brady,Theo Riddick,Devonta Freeman,Larry Fitzgerald,Steve Smith Sr.,Martavis Bryant,Antonio Gates,Ladarius Green,Cardinals
Carson Palmer,Devonta Freeman,Chris Ivory,Larry Fitzgerald,Stefon Diggs,Martavis Bryant,Antonio Gates,Ladarius Green,Panthers
Cam Newton,Devonta Freeman,Chris Ivory,Steve Smith Sr.,Brandon Marshall,Martavis Bryant,Antonio Gates,Ladarius Green,Panthers
Carson Palmer,Devonta Freeman,Doug Martin,Larry Fitzgerald,Steve Smith Sr.,Martavis Bryant,Antonio Gates,Ladarius Green,Redskins
Tom Brady,Devonta Freeman,Chris Ivory,Stefon Diggs,Rishard Matthews,Martavis Bryant,Ladarius Green,DeAndre Hopkins,Jets
Blake Bortles,Marcel Reece,Devonta Freeman,Larry Fitzgerald,Stefon Diggs,Martavis Bryant,Antonio Gates,DeAndre Hopkins,Cardinals
Tom Brady,Doug Martin,Chris Ivory,Stefon Diggs,Rishard Matthews,Martavis Bryant,Antonio Gates,DeAndre Hopkins,Panthers
Tom Brady,Devonta Freeman,Doug Martin,Travis Benjamin,Steve Smith Sr.,Martavis Bryant,Antonio Gates,Ladarius Green,Cardinals
Carson Palmer,Theo Riddick,Devonta Freeman,Larry Fitzgerald,Stefon Diggs,Steve Smith Sr.,Antonio Gates,Martavis Bryant,Eagles
Carson Palmer,Devonta Freeman,Doug Martin,Stefon Diggs,Steve Smith Sr.,Martavis Bryant,Antonio Gates,Chris Ivory,Eagles
Philip Rivers,Devonta Freeman,Chris Ivory,Stefon Diggs,Martavis Bryant,DeAndre Hopkins,Antonio Gates,Gary Barnidge,Rams
Carson Palmer,Le'Veon Bell,Devonta Freeman,Stevie Johnson,Steve Smith Sr.,Martavis Bryant,Antonio Gates,Ladarius Green,Rams
Cam Newton,Le'Veon Bell,Devonta Freeman,Stefon Diggs,Steve Smith Sr.,Martavis Bryant,Antonio Gates,Ladarius Green,Seahawks
Carson Palmer,Theo Riddick,Devonta Freeman,Stevie Johnson,Martavis Bryant,DeAndre Hopkins,Antonio Gates,Ladarius Green,Rams
Carson Palmer,Doug Martin,Chris Ivory,Larry Fitzgerald,Steve Smith Sr.,Martavis Bryant,Ladarius Green,Rob Gronkowski,Panthers
Blake Bortles,Le'Veon Bell,Devonta Freeman,Stevie Johnson,Stefon Diggs,Martavis Bryant,Ladarius Green,DeAndre Hopkins,Seahawks
Tom Brady,Theo Riddick,Devonta Freeman,Steve Smith Sr.,Martavis Bryant,DeAndre Hopkins,Antonio Gates,Ladarius Green,Eagles
Tom Brady,Doug Martin,Chris Ivory,Steve Smith Sr.,Martavis Bryant,DeAndre Hopkins,Antonio Gates,Ladarius Green,Jets
Cam Newton,Devonta Freeman,Doug Martin,Stefon Diggs,Steve Smith Sr.,Brandon Marshall,Antonio Gates,Martavis Bryant,Rams
Philip Rivers,Theo Riddick,Devonta Freeman,Larry Fitzgerald,Stefon Diggs,Brandon Marshall,Antonio Gates,Martavis Bryant,Jets
Carson Palmer,Danny Woodhead,Devonta Freeman,Stefon Diggs,Martavis Bryant,DeAndre Hopkins,Antonio Gates,Ladarius Green,Panthers
Carson Palmer,Doug Martin,Chris Ivory,Larry Fitzgerald,Brandon Marshall,Martavis Bryant,Antonio Gates,Ladarius Green,Jets
Blake Bortles,LeGarrette Blount,Devonta Freeman,Stefon Diggs,Martavis Bryant,DeAndre Hopkins,Antonio Gates,Jordan Reed,Rams
Tom Brady,Doug Martin,Chris Ivory,Larry Fitzgerald,Steve Smith Sr.,Martavis Bryant,Antonio Gates,Ladarius Green,Panthers
Tom Brady,Theo Riddick,Doug Martin,Brandon Marshall,Martavis Bryant,DeAndre Hopkins,Antonio Gates,Ladarius Green,Cardinals
Tom Brady,Devonta Freeman,Doug Martin,Stefon Diggs,Rishard Matthews,Martavis Bryant,Ladarius Green,DeAndre Hopkins,Cardinals
Blake Bortles,Devonta Freeman,Chris Ivory,Steve Smith Sr.,Martavis Bryant,DeAndre Hopkins,Antonio Gates,Ladarius Green,Rams
Blake Bortles,Devonta Freeman,Chris Ivory,Travis Benjamin,Stefon Diggs,Brandon Marshall,Antonio Gates,Martavis Bryant,Cardinals
Tom Brady,Danny Woodhead,Doug Martin,Larry Fitzgerald,Martavis Bryant,DeAndre Hopkins,Antonio Gates,Ladarius Green,Panthers
Carson Palmer,Devonta Freeman,Doug Martin,Stefon Diggs,Rishard Matthews,Brandon Marshall,Antonio Gates,Martavis Bryant,Eagles
Blake Bortles,Devonta Freeman,Doug Martin,Larry Fitzgerald,Stefon Diggs,Brandon Marshall,Antonio Gates,Martavis Bryant,Eagles
Carson Palmer,Theo Riddick,Devonta Freeman,Steve Smith Sr.,Martavis Bryant,DeAndre Hopkins,Antonio Gates,Ladarius Green,Eagles
Philip Rivers,LeGarrette Blount,Devonta Freeman,Travis Benjamin,Stefon Diggs,Martavis Bryant,Antonio Gates,DeAndre Hopkins,Rams
Carson Palmer,Theo Riddick,Devonta Freeman,Larry Fitzgerald,Steve Smith Sr.,Martavis Bryant,Antonio Gates,Ladarius Green,Cardinals
Carson Palmer,Devonta Freeman,Chris Ivory,Travis Benjamin,Stefon Diggs,Rishard Matthews,Antonio Gates,Martavis Bryant,Cardinals
Tom Brady,Le'Veon Bell,Devonta Freeman,Stevie Johnson,Steve Smith Sr.,Martavis Bryant,Antonio Gates,Ladarius Green,Rams
Carson Palmer,Devonta Freeman,Chris Ivory,Stefon Diggs,Rishard Matthews,Martavis Bryant,Antonio Gates,Ladarius Green,Seahawks
Blake Bortles,Theo Riddick,Devonta Freeman,Stefon Diggs,Brandon Marshall,Martavis Bryant,Antonio Gates,DeAndre Hopkins,Jets
Tom Brady,Devonta Freeman,Doug Martin,Travis Benjamin,Brandon Marshall,Martavis Bryant,Antonio Gates,Ladarius Green,Rams
Blake Bortles,Le'Veon Bell,Devonta Freeman,Stefon Diggs,Martavis Bryant,DeAndre Hopkins,Antonio Gates,Ladarius Green,Rams
Blake Bortles,Devonta Freeman,Doug Martin,Stefon Diggs,Steve Smith Sr.,Brandon Marshall,Antonio Gates,Martavis Bryant,Cardinals
Blake Bortles,Devonta Freeman,Chris Ivory,Stefon Diggs,Steve Smith Sr.,Brandon Marshall,Antonio Gates,Martavis Bryant,Jets
Carson Palmer,Devonta Freeman,Chris Ivory,Travis Benjamin,Stefon Diggs,Martavis Bryant,Antonio Gates,Gary Barnidge,Cardinals
Tom Brady,Danny Woodhead,Devonta Freeman,Stefon Diggs,Martavis Bryant,DeAndre Hopkins,Antonio Gates,Ladarius Green,Panthers
Blake Bortles,Devonta Freeman,Chris Ivory,Travis Benjamin,Stefon Diggs,Martavis Bryant,Antonio Gates,DeAndre Hopkins,Jets
Carson Palmer,Doug Martin,Chris Ivory,Steve Smith Sr.,Martavis Bryant,DeAndre Hopkins,Antonio Gates,Ladarius Green,Jets
Tom Brady,Marcel Reece,Devonta Freeman,Travis Benjamin,Martavis Bryant,DeAndre Hopkins,Antonio Gates,Ladarius Green,Seahawks
Carson Palmer,Devonta Freeman,Doug Martin,Stevie Johnson,Martavis Bryant,DeAndre Hopkins,Antonio Gates,Ladarius Green,Cardinals
Carson Palmer,Devonta Freeman,Chris Ivory,Stefon Diggs,Rishard Matthews,Steve Smith Sr.,Antonio Gates,Martavis Bryant,Jets
Blake Bortles,Theo Riddick,Devonta Freeman,Keenan Allen,Stefon Diggs,Martavis Bryant,Antonio Gates,DeAndre Hopkins,Panthers
Cam Newton,Danny Woodhead,Devonta Freeman,Larry Fitzgerald,Brandon Marshall,Martavis Bryant,Antonio Gates,Ladarius Green,Panthers
Philip Rivers,Devonta Freeman,Chris Ivory,Travis Benjamin,Larry Fitzgerald,Stefon Diggs,Antonio Gates,Martavis Bryant,Jets
Cam Newton,Devonta Freeman,Doug Martin,Larry Fitzgerald,Stefon Diggs,Steve Smith Sr.,Antonio Gates,Martavis Bryant,Panthers
Tom Brady,Danny Woodhead,Chris Ivory,Steve Smith Sr.,Martavis Bryant,DeAndre Hopkins,Antonio Gates,Ladarius Green,Panthers
Carson Palmer,Theo Riddick,Devonta Freeman,Steve Smith Sr.,Brandon Marshall,Martavis Bryant,Antonio Gates,Ladarius Green,Rams
Blake Bortles,Devonta Freeman,Doug Martin,Brandon Marshall,Martavis Bryant,DeAndre Hopkins,Antonio Gates,Ladarius Green,Eagles
Blake Bortles,Le'Veon Bell,Devonta Freeman,Larry Fitzgerald,Stefon Diggs,Rishard Matthews,Antonio Gates,Martavis Bryant,Eagles
Tom Brady,Devonta Freeman,Chris Ivory,Larry Fitzgerald,Stefon Diggs,Martavis Bryant,Antonio Gates,Ladarius Green,Panthers
Philip Rivers,Theo Riddick,Devonta Freeman,Stefon Diggs,Martavis Bryant,DeAndre Hopkins,Antonio Gates,Ladarius Green,Seahawks
Cam Newton,Devonta Freeman,Doug Martin,Travis Benjamin,Martavis Bryant,DeAndre Hopkins,Antonio Gates,Ladarius Green,Seahawks
Philip Rivers,Devonta Freeman,Chris Ivory,Stefon Diggs,Rishard Matthews,Martavis Bryant,Antonio Gates,DeAndre Hopkins,Rams
Cam Newton,Devonta Freeman,Doug Martin,Stefon Diggs,Brandon Marshall,Martavis Bryant,Antonio Gates,Gary Barnidge,Seahawks
Tom Brady,Doug Martin,Chris Ivory,Stefon Diggs,Steve Smith Sr.,Brandon Marshall,Antonio Gates,Martavis Bryant,Rams
Blake Bortles,Devonta Freeman,Chris Ivory,Stefon Diggs,Martavis Bryant,DeAndre Hopkins,Antonio Gates,Ladarius Green,Rams
Carson Palmer,Charles Sims,Devonta Freeman,Stefon Diggs,Rishard Matthews,Martavis Bryant,Antonio Gates,DeAndre Hopkins,Panthers
Tom Brady,Theo Riddick,Devonta Freeman,Travis Benjamin,Martavis Bryant,DeAndre Hopkins,Antonio Gates,Ladarius Green,Panthers
Carson Palmer,Theo Riddick,Devonta Freeman,Travis Benjamin,Larry Fitzgerald,Stefon Diggs,Antonio Gates,Martavis Bryant,Panthers
Blake Bortles,Devonta Freeman,Doug Martin,Stevie Johnson,Brandon Marshall,Martavis Bryant,Ladarius Green,DeAndre Hopkins,Seahawks
Tom Brady,Danny Woodhead,Chris Ivory,Larry Fitzgerald,Stefon Diggs,Steve Smith Sr.,Antonio Gates,Martavis Bryant,Rams
Tom Brady,Theo Riddick,Devonta Freeman,Steve Smith Sr.,Brandon Marshall,Martavis Bryant,Antonio Gates,Ladarius Green,Rams
Carson Palmer,Doug Martin,Chris Ivory,Stefon Diggs,Rishard Matthews,Martavis Bryant,Antonio Gates,DeAndre Hopkins,Panthers
Blake Bortles,Theo Riddick,Devonta Freeman,Brandon Marshall,Martavis Bryant,DeAndre Hopkins,Antonio Gates,Ladarius Green,Cardinals
Tom Brady,Devonta Freeman,Doug Martin,Stevie Johnson,Martavis Bryant,DeAndre Hopkins,Antonio Gates,Ladarius Green,Cardinals